{"train/loss": 0.0397, "train/grad_norm": 0.037248432636260986, "train/learning_rate": 1.0489535612334677e-11, "train/epoch": 151.52, "train/global_step": 5000, "_timestamp": 1722076919.574408, "_runtime": 5940.500730037689, "_step": 10, "train/train_runtime": 5942.4004, "train/train_samples_per_second": 3.366, "train/train_steps_per_second": 0.841, "train/total_flos": 1.3602801169485005e+17, "train/train_loss": 0.10524001541137695}