{"train/loss": 0.9102, "train/learning_rate": 3.349103612770854e-11, "train/epoch": 8.23, "train/global_step": 40000, "_timestamp": 1697691115.7571566, "_runtime": 99914.09010052681, "_step": 80, "train/train_runtime": 99915.8249, "train/train_samples_per_second": 1.601, "train/train_steps_per_second": 0.4, "train/total_flos": 2.229510417921147e+18, "train/train_loss": 1.025566414642334}