{"train/loss": 1.1097, "train/learning_rate": 4.374339263035765e-11, "train/epoch": 3.34, "train/global_step": 20000, "_timestamp": 1697838633.5133684, "_runtime": 50527.92552828789, "_step": 40, "train/train_runtime": 50529.6749, "train/train_samples_per_second": 1.583, "train/train_steps_per_second": 0.396, "train/total_flos": 1.1525292273690624e+18, "train/train_loss": 1.1700483489990234}