{"train/loss": 0.0403, "train/grad_norm": 0.07913335412740707, "train/learning_rate": 4.1958138041753306e-11, "train/epoch": 161.29, "train/global_step": 5000, "_timestamp": 1722523943.4912448, "_runtime": 5896.2729477882385, "_step": 10, "train/train_runtime": 5898.1345, "train/train_samples_per_second": 3.391, "train/train_steps_per_second": 0.848, "train/total_flos": 1.468983117644759e+17, "train/train_loss": 0.10674573554992675}