{"train/loss": 0.0701, "train/grad_norm": 0.9201065897941589, "train/learning_rate": 7.287933449164068e-06, "train/epoch": 96.77, "train/global_step": 3000, "_timestamp": 1722490056.7679756, "_runtime": 3541.7667365074158, "_step": 5}