{"train/loss": 0.0806, "train/grad_norm": 0.05184989795088768, "train/learning_rate": 1.0485622221144485e-05, "train/epoch": 80.65, "train/global_step": 2500, "_timestamp": 1722402484.8954904, "_runtime": 2968.7398824691772, "_step": 4}