{"train/loss": 0.0451, "train/grad_norm": 0.578284740447998, "train/learning_rate": 3.650202601700538e-05, "train/epoch": 90.91, "train/global_step": 3000, "_timestamp": 1722139634.222717, "_runtime": 3534.8888380527496, "_step": 5}