{"train/loss": 1.0299, "train/learning_rate": 2.4605659926235647e-11, "train/epoch": 4.11, "train/global_step": 20000, "_timestamp": 1696959308.31896, "_runtime": 49599.302115917206, "_step": 40, "train/train_runtime": 49601.0708, "train/train_samples_per_second": 1.613, "train/train_steps_per_second": 0.403, "train/total_flos": 1.1189935475433062e+18, "train/train_loss": 1.0986537902832032}