{"train/loss": 0.0438, "train/grad_norm": 0.04138009622693062, "train/learning_rate": 1.8648062799497822e-11, "train/epoch": 227.27, "train/global_step": 15000, "_timestamp": 1722756935.4765968, "_runtime": 15673.241188764572, "_step": 30, "train/train_runtime": 15674.974, "train/train_samples_per_second": 3.828, "train/train_steps_per_second": 0.957, "train/total_flos": 2.113565550064681e+17, "train/train_loss": 0.08674346796671549}