{"train/loss": 0.0572, "train/grad_norm": 0.47071129083633423, "train/learning_rate": 2.0979071224669357e-12, "train/epoch": 161.29, "train/global_step": 5000, "_timestamp": 1722497556.4267316, "_runtime": 5914.573624610901, "_step": 10, "train/train_runtime": 5916.5179, "train/train_samples_per_second": 3.38, "train/train_steps_per_second": 0.845, "train/total_flos": 1.468983117644759e+17, "train/train_loss": 0.19255906028747558}