{"train/loss": 0.0406, "train/grad_norm": 0.16941037774085999, "train/learning_rate": 1.0489535612334677e-11, "train/epoch": 161.29, "train/global_step": 5000, "_timestamp": 1722185584.2447386, "_runtime": 5897.2455315589905, "_step": 10, "train/train_runtime": 5899.4031, "train/train_samples_per_second": 3.39, "train/train_steps_per_second": 0.848, "train/total_flos": 1.4624885845180416e+17, "train/train_loss": 0.1090457244873047}