{"train/loss": 0.0449, "train/grad_norm": 0.10104738920927048, "train/learning_rate": 1.1725761792529377e-06, "train/epoch": 212.12, "train/global_step": 14000, "_timestamp": 1722670012.6402638, "_runtime": 14807.77350473404, "_step": 27}