{"train/loss": 0.0404, "train/grad_norm": 0.17262063920497894, "train/learning_rate": 9.440579408770411e-11, "train/epoch": 161.29, "train/global_step": 5000, "_timestamp": 1722531936.5809867, "_runtime": 5708.20813369751, "_step": 10, "train/train_runtime": 5712.2037, "train/train_samples_per_second": 3.501, "train/train_steps_per_second": 0.875, "train/total_flos": 1.4624885845180416e+17, "train/train_loss": 0.10951696434020997}