{"train/loss": 0.0417, "train/grad_norm": 0.10067646950483322, "train/learning_rate": 9.440579408770411e-11, "train/epoch": 151.52, "train/global_step": 5000, "_timestamp": 1722173939.4453993, "_runtime": 5883.580616235733, "_step": 10, "train/train_runtime": 5885.4467, "train/train_samples_per_second": 3.398, "train/train_steps_per_second": 0.85, "train/total_flos": 1.4500324470767616e+17, "train/train_loss": 0.10996702613830567}