{"train/loss": 1.0992, "train/grad_norm": 0.4660458564758301, "train/learning_rate": 1.9744105246469264e-05, "train/epoch": 16.13, "train/global_step": 500, "_timestamp": 1722491144.6315544, "_runtime": 611.770946264267, "_step": 0}