{"train/loss": 0.8462, "train/learning_rate": 3.1604602451773545e-11, "train/epoch": 10.29, "train/global_step": 50000, "_timestamp": 1697196152.0184247, "_runtime": 123930.84421777725, "_step": 100, "train/train_runtime": 123932.7899, "train/train_samples_per_second": 1.614, "train/train_steps_per_second": 0.403, "train/total_flos": 2.7843998373686477e+18, "train/train_loss": 0.9868960461425781}