{"train/loss": 0.0404, "train/grad_norm": 0.06938200443983078, "train/learning_rate": 1.0489535612334677e-11, "train/epoch": 161.29, "train/global_step": 5000, "_timestamp": 1721394987.9350245, "_runtime": 6014.217304468155, "_step": 10, "train/train_runtime": 6016.1902, "train/train_samples_per_second": 3.324, "train/train_steps_per_second": 0.831, "train/total_flos": 1.468983117644759e+17, "train/train_loss": 0.10625867080688477}