{"train/loss": 1.1648, "train/learning_rate": 2.4605659926235647e-11, "train/epoch": 1.67, "train/global_step": 10000, "_timestamp": 1698051198.2895517, "_runtime": 25348.764851808548, "_step": 20, "train/train_runtime": 25350.5528, "train/train_samples_per_second": 1.578, "train/train_steps_per_second": 0.394, "train/total_flos": 5.824031587980902e+17, "train/train_loss": 1.2055232482910156}