{"train/loss": 1.0698, "train/learning_rate": 3.037735734623404e-11, "train/epoch": 5.0, "train/global_step": 30000, "_timestamp": 1697775575.224926, "_runtime": 75879.50699806213, "_step": 60, "train/train_runtime": 75881.1959, "train/train_samples_per_second": 1.581, "train/train_steps_per_second": 0.395, "train/total_flos": 1.728729267170181e+18, "train/train_loss": 1.1399957295735677}