{"train/loss": 0.0436, "train/grad_norm": 0.05914381891489029, "train/learning_rate": 1.0489535612334677e-11, "train/epoch": 72.46, "train/global_step": 5000, "_timestamp": 1722620777.7938974, "_runtime": 23503.495393276215, "_step": 31, "train/train_runtime": 5224.2161, "train/train_samples_per_second": 3.828, "train/train_steps_per_second": 0.957, "train/total_flos": 6.6701179994112e+16, "train/train_loss": 0.13094339714050293}