{"train/loss": 1.0304, "train/learning_rate": 2.4605659926235647e-11, "train/epoch": 4.11, "train/global_step": 20000, "_timestamp": 1697555812.6767523, "_runtime": 49598.71691131592, "_step": 40, "train/train_runtime": 49600.4061, "train/train_samples_per_second": 1.613, "train/train_steps_per_second": 0.403, "train/total_flos": 1.1138960820896563e+18, "train/train_loss": 1.0988516510009765}