{"train/loss": 0.0711, "train/grad_norm": 1.0692567825317383, "train/learning_rate": 7.2816992776365714e-06, "train/epoch": 96.77, "train/global_step": 3000, "_timestamp": 1722246904.682556, "_runtime": 3564.023687839508, "_step": 5}