{"train/loss": 1.2305, "train/learning_rate": 9.931942525689715e-05, "train/epoch": 0.33, "train/global_step": 2000, "_timestamp": 1697783635.0827723, "_runtime": 5020.179098367691, "_step": 3}