{"train/loss": 0.0622, "train/grad_norm": 1.599149465560913, "train/learning_rate": 8.39162760835066e-12, "train/epoch": 161.29, "train/global_step": 5000, "_timestamp": 1721406074.7603893, "_runtime": 5835.706641435623, "_step": 10, "train/train_runtime": 5837.7164, "train/train_samples_per_second": 3.426, "train/train_steps_per_second": 0.856, "train/total_flos": 1.4624885845180416e+17, "train/train_loss": 0.20067472991943358}