{"train/loss": 0.0392, "train/grad_norm": 0.10229511559009552, "train/learning_rate": 4.1958138041753306e-11, "train/epoch": 78.12, "train/global_step": 5000, "_timestamp": 1718862975.6442556, "_runtime": 4053.6850666999817, "_step": 10, "train/train_runtime": 4055.8761, "train/train_samples_per_second": 4.931, "train/train_steps_per_second": 1.233, "train/total_flos": 6.826375877787648e+16, "train/train_loss": 0.12066703071594238}