{"train/loss": 0.0397, "train/grad_norm": 0.0454726368188858, "train/learning_rate": 1.0489535612334677e-11, "train/epoch": 151.52, "train/global_step": 5000, "_timestamp": 1722067505.6754155, "_runtime": 5805.271857500076, "_step": 10, "train/train_runtime": 5807.3831, "train/train_samples_per_second": 3.444, "train/train_steps_per_second": 0.861, "train/total_flos": 1.3602801169485005e+17, "train/train_loss": 0.10640146827697754}