{"train/loss": 0.0568, "train/grad_norm": 1.0045918226242065, "train/learning_rate": 2.0979071224669357e-12, "train/epoch": 161.29, "train/global_step": 5000, "_timestamp": 1722440571.892169, "_runtime": 5858.732480049133, "_step": 10, "train/train_runtime": 5860.6407, "train/train_samples_per_second": 3.413, "train/train_steps_per_second": 0.853, "train/total_flos": 1.468983117644759e+17, "train/train_loss": 0.19272671051025392}