{"train/loss": 0.0415, "train/grad_norm": 0.05762951821088791, "train/learning_rate": 1.0489535612334677e-11, "train/epoch": 151.52, "train/global_step": 5000, "_timestamp": 1722016560.1657767, "_runtime": 5766.766437768936, "_step": 10, "train/train_runtime": 5769.0489, "train/train_samples_per_second": 3.467, "train/train_steps_per_second": 0.867, "train/total_flos": 1.456471665722327e+17, "train/train_loss": 0.10625052375793458}