{"train/loss": 1.0299, "train/learning_rate": 3.349103612770854e-11, "train/epoch": 4.11, "train/global_step": 20000, "_timestamp": 1697039090.6023607, "_runtime": 49569.68022966385, "_step": 40, "train/train_runtime": 49571.4317, "train/train_samples_per_second": 1.614, "train/train_steps_per_second": 0.403, "train/total_flos": 1.1138960820896563e+18, "train/train_loss": 1.0986309646606445}