{"train/loss": 0.9706, "train/learning_rate": 3.037735734623404e-11, "train/epoch": 6.17, "train/global_step": 30000, "_timestamp": 1697494704.1350622, "_runtime": 74178.21543931961, "_step": 60, "train/train_runtime": 74179.9663, "train/train_samples_per_second": 1.618, "train/train_steps_per_second": 0.404, "train/total_flos": 1.6719082759565722e+18, "train/train_loss": 1.062048715209961}