{"train/loss": 0.0574, "train/grad_norm": 0.9076282978057861, "train/learning_rate": 2.0979071224669357e-12, "train/epoch": 161.29, "train/global_step": 5000, "_timestamp": 1722408775.5087624, "_runtime": 6016.332670450211, "_step": 10, "train/train_runtime": 6018.4107, "train/train_samples_per_second": 3.323, "train/train_steps_per_second": 0.831, "train/total_flos": 1.468983117644759e+17, "train/train_loss": 0.19211812019348146}