{"train/loss": 0.0613, "train/grad_norm": 0.42632508277893066, "train/learning_rate": 2.0979071224669357e-12, "train/epoch": 151.52, "train/global_step": 5000, "_timestamp": 1722057948.801553, "_runtime": 6050.99450302124, "_step": 10, "train/train_runtime": 6053.2252, "train/train_samples_per_second": 3.304, "train/train_steps_per_second": 0.826, "train/total_flos": 1.456471665722327e+17, "train/train_loss": 0.19354299926757812}