{"train/loss": 0.0437, "train/grad_norm": 0.04619690030813217, "train/learning_rate": 1.0489535612334677e-11, "train/epoch": 227.27, "train/global_step": 15000, "_timestamp": 1722777111.62356, "_runtime": 15573.27376484871, "_step": 30, "train/train_runtime": 15575.203, "train/train_samples_per_second": 3.852, "train/train_steps_per_second": 0.963, "train/total_flos": 2.113565550064681e+17, "train/train_loss": 0.08710454419453939}