{"train/loss": 0.0574, "train/grad_norm": 0.8683852553367615, "train/learning_rate": 2.0979071224669357e-12, "train/epoch": 161.29, "train/global_step": 5000, "_timestamp": 1722421523.1014764, "_runtime": 6024.071936368942, "_step": 10, "train/train_runtime": 6026.3546, "train/train_samples_per_second": 3.319, "train/train_steps_per_second": 0.83, "train/total_flos": 1.468983117644759e+17, "train/train_loss": 0.19324317092895507}