{"train/loss": 0.0434, "train/grad_norm": 0.044561468064785004, "train/learning_rate": 1.0489535612334677e-11, "train/epoch": 144.93, "train/global_step": 10000, "_timestamp": 1722593538.0156684, "_runtime": 10196.293975353241, "_step": 20, "train/train_runtime": 10198.5888, "train/train_samples_per_second": 3.922, "train/train_steps_per_second": 0.981, "train/total_flos": 1.3372721943893606e+17, "train/train_loss": 0.098871217918396}