{"train/loss": 0.5134, "train/learning_rate": 3.6756601606846574e-11, "train/epoch": 6.17, "train/global_step": 30000, "_timestamp": 1696463731.9392593, "_runtime": 75063.56344723701, "_step": 60, "train/train_runtime": 75065.1916, "train/train_samples_per_second": 1.599, "train/train_steps_per_second": 0.4, "train/total_flos": 1.679795580939141e+18, "train/train_loss": 0.6221278249104818}