{"train/loss": 0.0401, "train/grad_norm": 0.0677523985505104, "train/learning_rate": 7.284399805573827e-12, "train/epoch": 193.55, "train/global_step": 6000, "_timestamp": 1721450439.5282435, "_runtime": 7122.804224491119, "_step": 12, "train/train_runtime": 7124.7319, "train/train_samples_per_second": 3.369, "train/train_steps_per_second": 0.842, "train/total_flos": 1.7650223990081126e+17, "train/train_loss": 0.09871490097045899}