{"train/loss": 0.0569, "train/grad_norm": 0.6099675297737122, "train/learning_rate": 2.0979071224669357e-12, "train/epoch": 161.29, "train/global_step": 5000, "_timestamp": 1722253263.2329524, "_runtime": 5935.140424251556, "_step": 10, "train/train_runtime": 5937.4403, "train/train_samples_per_second": 3.368, "train/train_steps_per_second": 0.842, "train/total_flos": 1.468983117644759e+17, "train/train_loss": 0.19284821739196778}