{"train/loss": 0.0577, "train/grad_norm": 0.7347003221511841, "train/learning_rate": 2.0979071224669357e-12, "train/epoch": 161.29, "train/global_step": 5000, "_timestamp": 1722510165.484189, "_runtime": 5815.56972694397, "_step": 10, "train/train_runtime": 5817.2772, "train/train_samples_per_second": 3.438, "train/train_steps_per_second": 0.86, "train/total_flos": 1.468983117644759e+17, "train/train_loss": 0.19339228897094726}