{"train/loss": 0.8466, "train/learning_rate": 3.543214900925129e-11, "train/epoch": 10.29, "train/global_step": 50000, "_timestamp": 1696598065.4337387, "_runtime": 125555.30261778831, "_step": 100, "train/train_runtime": 125557.0107, "train/train_samples_per_second": 1.593, "train/train_steps_per_second": 0.398, "train/total_flos": 2.796555212793938e+18, "train/train_loss": 0.9869104028320312}