{"train/loss": 0.0405, "train/grad_norm": 0.1577955037355423, "train/learning_rate": 9.440579408770411e-11, "train/epoch": 161.29, "train/global_step": 5000, "_timestamp": 1722567635.822971, "_runtime": 5679.6162440776825, "_step": 10, "train/train_runtime": 5681.448, "train/train_samples_per_second": 3.52, "train/train_steps_per_second": 0.88, "train/total_flos": 1.4624885845180416e+17, "train/train_loss": 0.1092071891784668}